"2024-01-22 11:43:09",,"Market, copy `files` directory",0,-,http://furniture-shop/install/index.php,127.0.0.1
"2024-01-22 11:43:09",,"Market, execute module.php",0,-,http://furniture-shop/install/index.php,127.0.0.1
"2024-01-22 11:43:14",,"Market, module installation is complete",0,-,http://furniture-shop/install/index.php,127.0.0.1
"2024-01-22 11:43:47",admin,"User was logged on",4,-,http://furniture-shop/admin/index.php,127.0.0.1
"2024-01-22 11:43:48",admin,"Necessary constants have not been found. Please fill in the fields of form Websites &#8594; Settings &#8594; Registration data",0,"Демонстрационный сайт 22.01.2024 11:43:09",http://furniture-shop/admin/index.php,127.0.0.1
"2024-01-22 11:43:56",admin,"Access allowed to module ""calendar""",1,"Демонстрационный сайт 22.01.2024 11:43:09",http://furniture-shop/admin/calendar/index.php?loadEvents,127.0.0.1
"2024-01-22 11:44:27",admin,"Access allowed to module ""template""",1,"Демонстрационный сайт 22.01.2024 11:43:09",http://furniture-shop/admin/template/section/index.php?hostcms[action]=edit&template_id=2&template_dir_id=1&hostcms[checked][0][1]=1&hostcmsMode=blank,127.0.0.1
"2024-01-22 11:44:36",admin,"Access allowed to module ""template""",1,"Демонстрационный сайт 22.01.2024 11:43:09",http://furniture-shop/admin/template/section/index.php?hostcms[current]=1&hostcms[sortingfield]=1124&hostcms[sortingdirection]=1&hostcms[window]=id_content&hostcms[filterId]=main&template_id=2&template_dir_id=1&hostcmsMode=blank&template_id=2&template_dir_id=1&hostcmsMode=blank&secret_csrf=1705913067930aa2f61a66166f648e4fa9cd425376aa90cb7a37d0e02cac6b9b3f30910b86&hostcms[checked][0][1]=1,127.0.0.1
"2024-01-22 11:44:36",admin,"Action ""Delete"" of form ""Template Sections""",1,"Демонстрационный сайт 22.01.2024 11:43:09",http://furniture-shop/admin/template/section/index.php?hostcms[current]=1&hostcms[sortingfield]=1124&hostcms[sortingdirection]=1&hostcms[window]=id_content&hostcms[filterId]=main&template_id=2&template_dir_id=1&hostcmsMode=blank&template_id=2&template_dir_id=1&hostcmsMode=blank&secret_csrf=1705913067930aa2f61a66166f648e4fa9cd425376aa90cb7a37d0e02cac6b9b3f30910b86&hostcms[checked][0][1]=1,127.0.0.1
"2024-01-22 11:44:41",admin,"Access allowed to module ""template""",1,"Демонстрационный сайт 22.01.2024 11:43:09",http://furniture-shop/admin/template/section/index.php?template_id=2&template_dir_id=1&hostcmsMode=blank&secret_csrf=17059130770444475282f4fef888b51d00a1078b4256a73b15d4be5766ea052c2ac6402229,127.0.0.1
"2024-01-22 11:44:45",admin,"Access allowed to module ""template""",1,"Демонстрационный сайт 22.01.2024 11:43:09",http://furniture-shop/admin/template/section/index.php?hostcms[action]=edit&template_id=2&template_dir_id=1&hostcms[checked][0][1]=1&hostcmsMode=blank,127.0.0.1
"2024-01-22 11:44:46",admin,"Section header_top does not exist!
modules\template\model.php:831 Core_Exception->__construct
templates\template2\template.htm:89 Template_Model->showSection
modules\template\model.php:103 include
modules\core\page.php:177 Template_Model->execute
modules\core\command\controller\default.php:623 Core_Page->execute
modules\core\router\route.php:195 Core_Command_Controller_Default->showAction
index.php:249 Core_Router_Route->execute",0,"Демонстрационный сайт 22.01.2024 11:43:09",http://furniture-shop/,127.0.0.1
"2024-01-22 11:44:54",admin,"Section header_top does not exist!
modules\template\model.php:831 Core_Exception->__construct
templates\template2\template.htm:89 Template_Model->showSection
modules\template\model.php:103 include
modules\core\page.php:177 Template_Model->execute
modules\core\command\controller\default.php:623 Core_Page->execute
modules\core\router\route.php:195 Core_Command_Controller_Default->showAction
index.php:249 Core_Router_Route->execute",0,"Демонстрационный сайт 22.01.2024 11:43:09",http://furniture-shop/,127.0.0.1
"2024-01-22 11:48:16",,"Неверный ответ сервера, обратитесь в поддержку.",0,-,http://furniture-shop/install/index.php,127.0.0.1
"2024-01-22 12:04:01",,"Market, copy `files` directory",0,-,http://furniture-shop/install/index.php,127.0.0.1
"2024-01-22 12:04:01",,"Market, execute module.php",0,-,http://furniture-shop/install/index.php,127.0.0.1
"2024-01-22 12:04:06",,"Market, module installation is complete",0,-,http://furniture-shop/install/index.php,127.0.0.1
"2024-01-22 12:04:29",admin,"User was logged on",4,-,http://furniture-shop/admin/index.php,127.0.0.1
"2024-01-22 12:04:29",admin,"Necessary constants have not been found. Please fill in the fields of form Websites &#8594; Settings &#8594; Registration data",0,"Демонстрационный сайт 22.01.2024 12:04:02",http://furniture-shop/admin/index.php,127.0.0.1
"2024-01-22 12:04:37",admin,"Access allowed to module ""calendar""",1,"Демонстрационный сайт 22.01.2024 12:04:02",http://furniture-shop/admin/calendar/index.php?loadEvents,127.0.0.1
"2024-01-22 12:04:45",admin,"Access allowed to module ""informationsystem""",1,"Демонстрационный сайт 22.01.2024 12:04:02",http://furniture-shop/admin/informationsystem/index.php,127.0.0.1
"2024-01-22 12:05:22",admin,"Access allowed to module ""template""",1,"Демонстрационный сайт 22.01.2024 12:04:02",http://furniture-shop/admin/template/section/lib/index.php?hostcms[action]=edit&template_section_id=3&hostcms[checked][0][6]=1&structure_id=5&hostcmsMode=blank,127.0.0.1
"2024-01-22 12:05:25",admin,"Access allowed to module ""template""",1,"Демонстрационный сайт 22.01.2024 12:04:02",http://furniture-shop/admin/template/section/lib/index.php?lib_id=92,127.0.0.1
"2024-01-22 12:05:35",admin,"Access allowed to module ""template""",1,"Демонстрационный сайт 22.01.2024 12:04:02",http://furniture-shop/admin/template/section/lib/index.php?hostcms[action]=edit&template_section_id=3&hostcms[checked][0][6]=1&structure_id=5&hostcmsMode=blank,127.0.0.1
"2024-01-22 12:07:02",admin,"Access allowed to module ""shop""",1,"Демонстрационный сайт 22.01.2024 12:04:02",http://furniture-shop/admin/shop/index.php,127.0.0.1
"2024-01-22 12:07:06",admin,"Access allowed to module ""shop""",1,"Демонстрационный сайт 22.01.2024 12:04:02",http://furniture-shop/admin/shop/item/index.php?shop_id=1&shop_dir_id=0,127.0.0.1
"2024-01-22 12:07:10",admin,"Access allowed to module ""shop""",1,"Демонстрационный сайт 22.01.2024 12:04:02",http://furniture-shop/admin/shop/item/index.php?shop_id=1&shop_group_id=5,127.0.0.1
"2024-01-22 12:07:14",admin,"Access allowed to module ""shop""",1,"Демонстрационный сайт 22.01.2024 12:04:02",http://furniture-shop/admin/shop/item/index.php?shop_id=1&shop_group_id=10,127.0.0.1
"2024-01-22 12:07:21",admin,"Access allowed to module ""shop""",1,"Демонстрационный сайт 22.01.2024 12:04:02",http://furniture-shop/admin/shop/item/index.php?shop_id=1&shop_group_id=10&secret_csrf=17059144340c00714f4ee781e08cecde67169a4970687cc72d0a2cb6bd9909c8094870c96e,127.0.0.1
"2024-01-22 12:07:21",admin,"Action ""Delete"" of form ""Shop, goods and groups""",1,"Демонстрационный сайт 22.01.2024 12:04:02",http://furniture-shop/admin/shop/item/index.php?shop_id=1&shop_group_id=10&secret_csrf=17059144340c00714f4ee781e08cecde67169a4970687cc72d0a2cb6bd9909c8094870c96e,127.0.0.1
"2024-01-22 12:07:33",admin,"Access allowed to module ""shop""",1,"Демонстрационный сайт 22.01.2024 12:04:02",http://furniture-shop/admin/shop/item/index.php?shop_id=1&shop_group_id=5,127.0.0.1
"2024-01-22 12:07:38",admin,"Access allowed to module ""shop""",1,"Демонстрационный сайт 22.01.2024 12:04:02",http://furniture-shop/admin/shop/item/index.php?shop_id=1&shop_group_id=9,127.0.0.1
"2024-01-22 12:07:44",admin,"Access allowed to module ""shop""",1,"Демонстрационный сайт 22.01.2024 12:04:02",http://furniture-shop/admin/shop/item/index.php?shop_id=1&shop_group_id=9&secret_csrf=17059144586e20d6d81619d298c6aec73bec8d17849675e3a97d0f097cdae9ceb3fca71730,127.0.0.1
"2024-01-22 12:07:44",admin,"Action ""Delete"" of form ""Shop, goods and groups""",1,"Демонстрационный сайт 22.01.2024 12:04:02",http://furniture-shop/admin/shop/item/index.php?shop_id=1&shop_group_id=9&secret_csrf=17059144586e20d6d81619d298c6aec73bec8d17849675e3a97d0f097cdae9ceb3fca71730,127.0.0.1
"2024-01-22 12:07:49",admin,"Access allowed to module ""shop""",1,"Демонстрационный сайт 22.01.2024 12:04:02",http://furniture-shop/admin/shop/item/index.php?shop_id=1&shop_group_id=5,127.0.0.1
"2024-01-22 12:07:52",admin,"Access allowed to module ""shop""",1,"Демонстрационный сайт 22.01.2024 12:04:02",http://furniture-shop/admin/shop/item/index.php?shop_id=1&shop_group_id=8,127.0.0.1
"2024-01-22 12:08:10",admin,"Access allowed to module ""shop""",1,"Демонстрационный сайт 22.01.2024 12:04:02",http://furniture-shop/admin/shop/item/index.php?shop_id=1&shop_group_id=8&secret_csrf=1705914472c0786212dbebade5a7bc21012a6fb3273eb080440d98478c0ea5d94684ed75fb,127.0.0.1
"2024-01-22 12:08:36",admin,"Access allowed to module ""shop""",1,"Демонстрационный сайт 22.01.2024 12:04:02",http://furniture-shop/admin/shop/item/index.php?shop_id=1&shop_group_id=8,127.0.0.1
"2024-01-22 12:08:42",admin,"Access allowed to module ""shop""",1,"Демонстрационный сайт 22.01.2024 12:04:02",http://furniture-shop/admin/shop/item/index.php?shop_id=1&shop_group_id=8&secret_csrf=1705914516fc61ddba89fe3454756cebaa0969cc5161804f11c61c6724a4cb096560f50f11,127.0.0.1
"2024-01-22 12:08:42",admin,"Action ""Delete"" of form ""Shop, goods and groups""",1,"Демонстрационный сайт 22.01.2024 12:04:02",http://furniture-shop/admin/shop/item/index.php?shop_id=1&shop_group_id=8&secret_csrf=1705914516fc61ddba89fe3454756cebaa0969cc5161804f11c61c6724a4cb096560f50f11,127.0.0.1
"2024-01-22 12:08:59",admin,"Access allowed to module ""shop""",1,"Демонстрационный сайт 22.01.2024 12:04:02",http://furniture-shop/admin/shop/item/index.php?shop_id=1&shop_group_id=5,127.0.0.1
"2024-01-22 12:09:02",admin,"Access allowed to module ""shop""",1,"Демонстрационный сайт 22.01.2024 12:04:02",http://furniture-shop/admin/shop/item/index.php?shop_id=1&shop_group_id=8,127.0.0.1
"2024-01-22 12:09:06",admin,"Access allowed to module ""shop""",1,"Демонстрационный сайт 22.01.2024 12:04:02",http://furniture-shop/admin/shop/item/index.php?shop_id=1&shop_group_id=5,127.0.0.1
"2024-01-22 12:09:09",admin,"Access allowed to module ""shop""",1,"Демонстрационный сайт 22.01.2024 12:04:02",http://furniture-shop/admin/shop/item/index.php?shop_id=1&shop_group_id=9,127.0.0.1
"2024-01-22 12:09:13",admin,"Access allowed to module ""shop""",1,"Демонстрационный сайт 22.01.2024 12:04:02",http://furniture-shop/admin/shop/item/index.php?shop_id=1&shop_group_id=5,127.0.0.1
"2024-01-22 12:09:16",admin,"Access allowed to module ""shop""",1,"Демонстрационный сайт 22.01.2024 12:04:02",http://furniture-shop/admin/shop/item/index.php?shop_id=1,127.0.0.1
"2024-01-22 12:09:22",admin,"Access allowed to module ""shop""",1,"Демонстрационный сайт 22.01.2024 12:04:02",http://furniture-shop/admin/shop/item/index.php?shop_id=1&secret_csrf=17059145566625afaef0753b69bad246d6db01975dc29ef3b14cf3dc3d4dc7af376b5d1e87,127.0.0.1
"2024-01-22 12:09:22",admin,"Action ""Delete"" of form ""Shop, goods and groups""",1,"Демонстрационный сайт 22.01.2024 12:04:02",http://furniture-shop/admin/shop/item/index.php?shop_id=1&secret_csrf=17059145566625afaef0753b69bad246d6db01975dc29ef3b14cf3dc3d4dc7af376b5d1e87,127.0.0.1
"2024-01-22 12:09:26",admin,"Access allowed to module ""shop""",1,"Демонстрационный сайт 22.01.2024 12:04:02",http://furniture-shop/admin/shop/item/index.php?shop_id=1&shop_group_id=4,127.0.0.1
"2024-01-22 12:09:34",admin,"Access allowed to module ""shop""",1,"Демонстрационный сайт 22.01.2024 12:04:02",http://furniture-shop/admin/shop/item/index.php?shop_id=1&shop_group_id=7,127.0.0.1
"2024-01-22 12:09:40",admin,"Access allowed to module ""shop""",1,"Демонстрационный сайт 22.01.2024 12:04:02",http://furniture-shop/admin/shop/item/index.php?shop_id=1&shop_group_id=7&secret_csrf=1705914574469f0f4e60b74ead1464eccb4cf9a13d3f17ea0c71aa7ef0e744beb62832d866,127.0.0.1
"2024-01-22 12:09:40",admin,"Action ""Delete"" of form ""Shop, goods and groups""",1,"Демонстрационный сайт 22.01.2024 12:04:02",http://furniture-shop/admin/shop/item/index.php?shop_id=1&shop_group_id=7&secret_csrf=1705914574469f0f4e60b74ead1464eccb4cf9a13d3f17ea0c71aa7ef0e744beb62832d866,127.0.0.1
"2024-01-22 12:09:44",admin,"Access allowed to module ""shop""",1,"Демонстрационный сайт 22.01.2024 12:04:02",http://furniture-shop/admin/shop/item/index.php?shop_id=1&shop_group_id=4,127.0.0.1
"2024-01-22 12:09:52",admin,"Access allowed to module ""shop""",1,"Демонстрационный сайт 22.01.2024 12:04:02",http://furniture-shop/admin/shop/item/index.php?shop_id=1&shop_group_id=4&secret_csrf=17059145842159234c87ed11087ce94b958dc729b7ee8297485020435a5ad38085a92e931a,127.0.0.1
"2024-01-22 12:09:52",admin,"Action ""Delete"" of form ""Shop, goods and groups""",1,"Демонстрационный сайт 22.01.2024 12:04:02",http://furniture-shop/admin/shop/item/index.php?shop_id=1&shop_group_id=4&secret_csrf=17059145842159234c87ed11087ce94b958dc729b7ee8297485020435a5ad38085a92e931a,127.0.0.1
"2024-01-22 12:10:01",admin,"Access allowed to module ""shop""",1,"Демонстрационный сайт 22.01.2024 12:04:02",http://furniture-shop/admin/shop/item/index.php?shop_id=1,127.0.0.1
"2024-01-22 12:10:07",admin,"Access allowed to module ""shop""",1,"Демонстрационный сайт 22.01.2024 12:04:02",http://furniture-shop/admin/shop/item/index.php?shop_id=1&secret_csrf=17059146017c9554b074b79f25afee1d26b92b9f8ca160f07c5a88bc8e45172e7d5c15dda9,127.0.0.1
"2024-01-22 12:10:07",admin,"Action ""Delete"" of form ""Shop, goods and groups""",1,"Демонстрационный сайт 22.01.2024 12:04:02",http://furniture-shop/admin/shop/item/index.php?shop_id=1&secret_csrf=17059146017c9554b074b79f25afee1d26b92b9f8ca160f07c5a88bc8e45172e7d5c15dda9,127.0.0.1
"2024-01-22 12:10:30",admin,"Access allowed to module ""shop""",1,"Демонстрационный сайт 22.01.2024 12:04:02",http://furniture-shop/admin/shop/item/index.php?shop_id=1&secret_csrf=17059146074eee988ef89f8ac51c026c279796d8a7fae645a1f8636f4e9899b9c96c679c24,127.0.0.1
"2024-01-22 12:10:43",admin,"Access allowed to module ""shop""",1,"Демонстрационный сайт 22.01.2024 12:04:02",http://furniture-shop/admin/shop/item/index.php?hostcms[current]=1&hostcms[sortingfield]=335&hostcms[sortingdirection]=1&hostcms[window]=id_content&hostcms[filterId]=&shop_id=1&hostcms[checked][0][1]=1,127.0.0.1
"2024-01-22 12:10:43",admin,"Action ""Edit"" of form ""Shop, goods and groups""",1,"Демонстрационный сайт 22.01.2024 12:04:02",http://furniture-shop/admin/shop/item/index.php?hostcms[current]=1&hostcms[sortingfield]=335&hostcms[sortingdirection]=1&hostcms[window]=id_content&hostcms[filterId]=&shop_id=1&hostcms[checked][0][1]=1,127.0.0.1
"2024-01-22 12:10:48",admin,"Access allowed to module ""shop""",1,"Демонстрационный сайт 22.01.2024 12:04:02",http://furniture-shop/admin/shop/item/index.php?shop_id=1&secret_csrf=170591464320e3de0cbdb73f370121ceb15b746feb9f17661f7461502e7256e24619b90116,127.0.0.1
"2024-01-22 12:10:55",admin,"Access allowed to module ""shop""",1,"Демонстрационный сайт 22.01.2024 12:04:02",http://furniture-shop/admin/shop/item/index.php?hostcms[current]=1&hostcms[sortingfield]=335&hostcms[sortingdirection]=1&hostcms[window]=id_content&hostcms[filterId]=&shop_id=1&hostcms[checked][0][2]=1,127.0.0.1
"2024-01-22 12:10:55",admin,"Action ""Edit"" of form ""Shop, goods and groups""",1,"Демонстрационный сайт 22.01.2024 12:04:02",http://furniture-shop/admin/shop/item/index.php?hostcms[current]=1&hostcms[sortingfield]=335&hostcms[sortingdirection]=1&hostcms[window]=id_content&hostcms[filterId]=&shop_id=1&hostcms[checked][0][2]=1,127.0.0.1
"2024-01-22 12:10:59",admin,"Access allowed to module ""shop""",1,"Демонстрационный сайт 22.01.2024 12:04:02",http://furniture-shop/admin/shop/item/index.php?shop_id=1&secret_csrf=170591465580ac389aac42ee1c20a4b4d9c3975b6f81be09d3ac83670b18495487ca811371,127.0.0.1
"2024-01-22 12:11:05",admin,"Access allowed to module ""shop""",1,"Демонстрационный сайт 22.01.2024 12:04:02",http://furniture-shop/admin/shop/item/index.php?hostcms[current]=1&hostcms[sortingfield]=335&hostcms[sortingdirection]=1&hostcms[window]=id_content&hostcms[filterId]=&shop_id=1&hostcms[checked][0][3]=1,127.0.0.1
"2024-01-22 12:11:05",admin,"Action ""Edit"" of form ""Shop, goods and groups""",1,"Демонстрационный сайт 22.01.2024 12:04:02",http://furniture-shop/admin/shop/item/index.php?hostcms[current]=1&hostcms[sortingfield]=335&hostcms[sortingdirection]=1&hostcms[window]=id_content&hostcms[filterId]=&shop_id=1&hostcms[checked][0][3]=1,127.0.0.1
"2024-01-22 12:11:09",admin,"Access allowed to module ""shop""",1,"Демонстрационный сайт 22.01.2024 12:04:02",http://furniture-shop/admin/shop/item/index.php?shop_id=1&secret_csrf=1705914665760ef1fad9f8c69aef91dcd92218df82c45dae0d1e37a16cbfadaad20df3aa42,127.0.0.1
"2024-01-22 12:11:12",admin,"Access allowed to module ""shop""",1,"Демонстрационный сайт 22.01.2024 12:04:02",http://furniture-shop/admin/shop/item/index.php?shop_id=1&,127.0.0.1
"2024-01-22 12:11:16",admin,"Access allowed to module ""shop""",1,"Демонстрационный сайт 22.01.2024 12:04:02",http://furniture-shop/admin/shop/item/index.php?shop_id=1&shop_group_id=3,127.0.0.1
"2024-01-22 12:11:21",admin,"Access allowed to module ""shop""",1,"Демонстрационный сайт 22.01.2024 12:04:02",http://furniture-shop/admin/shop/item/index.php?shop_id=1&shop_group_id=3&secret_csrf=170591467649387c76a6c4e2cc45809e50032527d4dcf8f814b923caf014f3ad756c49ba7d,127.0.0.1
"2024-01-22 12:11:31",admin,"Access allowed to module ""shop""",1,"Демонстрационный сайт 22.01.2024 12:04:02",http://furniture-shop/admin/shop/item/index.php?hostcms[current]=1&hostcms[sortingfield]=335&hostcms[sortingdirection]=1&hostcms[window]=id_content&hostcms[filterId]=&shop_id=1&shop_group_id=3&hostcms[checked][1][25]=1,127.0.0.1
"2024-01-22 12:11:31",admin,"Action ""Edit"" of form ""Shop, goods and groups""",1,"Демонстрационный сайт 22.01.2024 12:04:02",http://furniture-shop/admin/shop/item/index.php?hostcms[current]=1&hostcms[sortingfield]=335&hostcms[sortingdirection]=1&hostcms[window]=id_content&hostcms[filterId]=&shop_id=1&shop_group_id=3&hostcms[checked][1][25]=1,127.0.0.1
"2024-01-22 12:11:35",admin,"Access allowed to module ""shop""",1,"Демонстрационный сайт 22.01.2024 12:04:02",http://furniture-shop/admin/shop/item/index.php?shop_id=1&shop_group_id=3&secret_csrf=17059146914586d5927858ed64a1b3ff47910cff72ff6796e02a8426ac5f1d6a250b553851,127.0.0.1
"2024-01-22 12:11:40",admin,"Access allowed to module ""shop""",1,"Демонстрационный сайт 22.01.2024 12:04:02",http://furniture-shop/admin/shop/item/index.php?hostcms[current]=1&hostcms[sortingfield]=335&hostcms[sortingdirection]=1&hostcms[window]=id_content&hostcms[filterId]=&shop_id=1&shop_group_id=3&hostcms[checked][1][15]=1,127.0.0.1
"2024-01-22 12:11:40",admin,"Action ""Edit"" of form ""Shop, goods and groups""",1,"Демонстрационный сайт 22.01.2024 12:04:02",http://furniture-shop/admin/shop/item/index.php?hostcms[current]=1&hostcms[sortingfield]=335&hostcms[sortingdirection]=1&hostcms[window]=id_content&hostcms[filterId]=&shop_id=1&shop_group_id=3&hostcms[checked][1][15]=1,127.0.0.1
"2024-01-22 12:11:45",admin,"Access allowed to module ""shop""",1,"Демонстрационный сайт 22.01.2024 12:04:02",http://furniture-shop/admin/shop/item/index.php?shop_id=1&shop_group_id=3&secret_csrf=17059147004a290e0e8a4882e82ea75d0b03cae87fd9377c835875e16e417db07bec606998,127.0.0.1
"2024-01-22 12:11:51",admin,"Access allowed to module ""shop""",1,"Демонстрационный сайт 22.01.2024 12:04:02",http://furniture-shop/admin/shop/item/index.php?hostcms[current]=1&hostcms[sortingfield]=335&hostcms[sortingdirection]=1&hostcms[window]=id_content&hostcms[filterId]=&shop_id=1&shop_group_id=3&hostcms[checked][1][14]=1,127.0.0.1
"2024-01-22 12:11:51",admin,"Action ""Edit"" of form ""Shop, goods and groups""",1,"Демонстрационный сайт 22.01.2024 12:04:02",http://furniture-shop/admin/shop/item/index.php?hostcms[current]=1&hostcms[sortingfield]=335&hostcms[sortingdirection]=1&hostcms[window]=id_content&hostcms[filterId]=&shop_id=1&shop_group_id=3&hostcms[checked][1][14]=1,127.0.0.1
"2024-01-22 12:11:55",admin,"Access allowed to module ""shop""",1,"Демонстрационный сайт 22.01.2024 12:04:02",http://furniture-shop/admin/shop/item/index.php?shop_id=1&shop_group_id=3&secret_csrf=1705914711586d3645064dfa91482ed60a9bc765a8055f9594320fa931ed0fa36669fcd9f1,127.0.0.1
"2024-01-22 12:12:00",admin,"Access allowed to module ""shop""",1,"Демонстрационный сайт 22.01.2024 12:04:02",http://furniture-shop/admin/shop/item/index.php?hostcms[current]=1&hostcms[sortingfield]=335&hostcms[sortingdirection]=1&hostcms[window]=id_content&hostcms[filterId]=&shop_id=1&shop_group_id=3&hostcms[checked][1][13]=1,127.0.0.1
"2024-01-22 12:12:00",admin,"Action ""Edit"" of form ""Shop, goods and groups""",1,"Демонстрационный сайт 22.01.2024 12:04:02",http://furniture-shop/admin/shop/item/index.php?hostcms[current]=1&hostcms[sortingfield]=335&hostcms[sortingdirection]=1&hostcms[window]=id_content&hostcms[filterId]=&shop_id=1&shop_group_id=3&hostcms[checked][1][13]=1,127.0.0.1
"2024-01-22 12:12:05",admin,"Access allowed to module ""shop""",1,"Демонстрационный сайт 22.01.2024 12:04:02",http://furniture-shop/admin/shop/item/index.php?shop_id=1,127.0.0.1
"2024-01-22 12:12:18",admin,"Access allowed to module ""shop""",1,"Демонстрационный сайт 22.01.2024 12:04:02",http://furniture-shop/admin/shop/item/index.php?shop_id=1&shop_group_id=2,127.0.0.1
"2024-01-22 12:12:25",admin,"Access allowed to module ""shop""",1,"Демонстрационный сайт 22.01.2024 12:04:02",http://furniture-shop/admin/shop/item/index.php?shop_id=1&shop_group_id=2&secret_csrf=17059147383b5eeb9f6b807e3861eb614f623120c797485241f7928eb35d235112a306a822,127.0.0.1
"2024-01-22 12:12:25",admin,"Action ""Delete"" of form ""Shop, goods and groups""",1,"Демонстрационный сайт 22.01.2024 12:04:02",http://furniture-shop/admin/shop/item/index.php?shop_id=1&shop_group_id=2&secret_csrf=17059147383b5eeb9f6b807e3861eb614f623120c797485241f7928eb35d235112a306a822,127.0.0.1
"2024-01-22 12:12:35",admin,"Access allowed to module ""shop""",1,"Демонстрационный сайт 22.01.2024 12:04:02",http://furniture-shop/admin/shop/item/index.php?shop_id=1,127.0.0.1
"2024-01-22 12:12:39",admin,"Access allowed to module ""shop""",1,"Демонстрационный сайт 22.01.2024 12:04:02",http://furniture-shop/admin/shop/item/index.php?shop_id=1&secret_csrf=17059147550dbb0a9df63d37dd968625ead75f1536a7f91f88aadfd88170b3bca09fc23d7b,127.0.0.1
"2024-01-22 12:12:44",admin,"Access allowed to module ""shop""",1,"Демонстрационный сайт 22.01.2024 12:04:02",http://furniture-shop/admin/shop/item/index.php?shop_id=1,127.0.0.1
"2024-01-22 12:12:47",admin,"Access allowed to module ""shop""",1,"Демонстрационный сайт 22.01.2024 12:04:02",http://furniture-shop/admin/shop/item/index.php?shop_id=1&shop_group_id=1,127.0.0.1
"2024-01-22 12:13:00",admin,"Access allowed to module ""shop""",1,"Демонстрационный сайт 22.01.2024 12:04:02",http://furniture-shop/admin/shop/item/index.php?shop_id=1&shop_group_id=1&secret_csrf=170591476740a0aaeda820a6316b969c0b5c4f26402f73fb0c471de9fc7ff08fc8e5242392,127.0.0.1
"2024-01-22 12:13:00",admin,"Action ""Delete"" of form ""Shop, goods and groups""",1,"Демонстрационный сайт 22.01.2024 12:04:02",http://furniture-shop/admin/shop/item/index.php?shop_id=1&shop_group_id=1&secret_csrf=170591476740a0aaeda820a6316b969c0b5c4f26402f73fb0c471de9fc7ff08fc8e5242392,127.0.0.1
"2024-01-22 12:13:14",admin,"Access allowed to module ""shop""",1,"Демонстрационный сайт 22.01.2024 12:04:02",http://furniture-shop/admin/shop/item/index.php?shop_id=1&shop_group_id=1&secret_csrf=1705914780c914e4b345722a134c12797ea1d742bfc51f0519a9514d4320b3dfe1eae2b043,127.0.0.1
"2024-01-22 12:13:41",admin,"Access allowed to module ""shop""",1,"Демонстрационный сайт 22.01.2024 12:04:02",http://furniture-shop/admin/shop/item/index.php?hostcms[current]=1&hostcms[sortingfield]=335&hostcms[sortingdirection]=1&hostcms[window]=id_content&hostcms[filterId]=&shop_id=1&shop_group_id=1&hostcms[checked][1][25]=1,127.0.0.1
"2024-01-22 12:13:41",admin,"Action ""Edit"" of form ""Shop, goods and groups""",1,"Демонстрационный сайт 22.01.2024 12:04:02",http://furniture-shop/admin/shop/item/index.php?hostcms[current]=1&hostcms[sortingfield]=335&hostcms[sortingdirection]=1&hostcms[window]=id_content&hostcms[filterId]=&shop_id=1&shop_group_id=1&hostcms[checked][1][25]=1,127.0.0.1
"2024-01-22 12:13:52",admin,"Access allowed to module ""shop""",1,"Демонстрационный сайт 22.01.2024 12:04:02",http://furniture-shop/admin/shop/item/index.php?shop_id=1&shop_group_id=1&secret_csrf=170591482196ace2b656307da54abc08f93f9c664beef9ad9b7f29469722325dd88b2723d0,127.0.0.1
"2024-01-22 12:14:23",admin,"Access allowed to module ""shop""",1,"Демонстрационный сайт 22.01.2024 12:04:02",http://furniture-shop/admin/shop/item/index.php?hostcms[current]=1&hostcms[sortingfield]=335&hostcms[sortingdirection]=1&hostcms[window]=id_content&hostcms[filterId]=&shop_id=1&shop_group_id=1&hostcms[checked][1][25]=1,127.0.0.1
"2024-01-22 12:14:23",admin,"Action ""Edit"" of form ""Shop, goods and groups""",1,"Демонстрационный сайт 22.01.2024 12:04:02",http://furniture-shop/admin/shop/item/index.php?hostcms[current]=1&hostcms[sortingfield]=335&hostcms[sortingdirection]=1&hostcms[window]=id_content&hostcms[filterId]=&shop_id=1&shop_group_id=1&hostcms[checked][1][25]=1,127.0.0.1
"2024-01-22 12:14:30",admin,"Access allowed to module ""shop""",1,"Демонстрационный сайт 22.01.2024 12:04:02",http://furniture-shop/admin/shop/item/index.php?shop_id=1&shop_group_id=1&secret_csrf=1705914863ab0652d59a035a1929257ac84f24fd56c97b665b147b8673058a650e6bc5f654,127.0.0.1
"2024-01-22 12:14:48",admin,"Access allowed to module ""shop""",1,"Демонстрационный сайт 22.01.2024 12:04:02",http://furniture-shop/admin/shop/item/index.php?hostcms[current]=1&hostcms[sortingfield]=335&hostcms[sortingdirection]=1&hostcms[window]=id_content&hostcms[filterId]=&shop_id=1&shop_group_id=1&hostcms[checked][1][15]=1,127.0.0.1
"2024-01-22 12:14:48",admin,"Action ""Edit"" of form ""Shop, goods and groups""",1,"Демонстрационный сайт 22.01.2024 12:04:02",http://furniture-shop/admin/shop/item/index.php?hostcms[current]=1&hostcms[sortingfield]=335&hostcms[sortingdirection]=1&hostcms[window]=id_content&hostcms[filterId]=&shop_id=1&shop_group_id=1&hostcms[checked][1][15]=1,127.0.0.1
"2024-01-22 12:14:52",admin,"Access allowed to module ""shop""",1,"Демонстрационный сайт 22.01.2024 12:04:02",http://furniture-shop/admin/shop/item/index.php?shop_id=1&shop_group_id=1&secret_csrf=1705914888cb6c5c1ab5d6417e37bbf98ed2ba49658ef966184c94f0139fd76561019e4d0f,127.0.0.1
"2024-01-22 12:15:09",admin,"Access allowed to module ""shop""",1,"Демонстрационный сайт 22.01.2024 12:04:02",http://furniture-shop/admin/shop/item/index.php?hostcms[current]=1&hostcms[sortingfield]=335&hostcms[sortingdirection]=1&hostcms[window]=id_content&hostcms[filterId]=&shop_id=1&shop_group_id=1&hostcms[checked][1][25]=1,127.0.0.1
"2024-01-22 12:15:09",admin,"Action ""Edit"" of form ""Shop, goods and groups""",1,"Демонстрационный сайт 22.01.2024 12:04:02",http://furniture-shop/admin/shop/item/index.php?hostcms[current]=1&hostcms[sortingfield]=335&hostcms[sortingdirection]=1&hostcms[window]=id_content&hostcms[filterId]=&shop_id=1&shop_group_id=1&hostcms[checked][1][25]=1,127.0.0.1
"2024-01-22 12:15:36",admin,"Access allowed to module ""shop""",1,"Демонстрационный сайт 22.01.2024 12:04:02",http://furniture-shop/admin/shop/item/discount/index.php?shop_item_id=25,127.0.0.1
"2024-01-22 12:15:59",admin,"Access allowed to module ""shop""",1,"Демонстрационный сайт 22.01.2024 12:04:02",http://furniture-shop/admin/shop/item/discount/index.php?shop_item_id=25&secret_csrf=1705914936b431e49a598d4fea81c2419830a336e62ce1b207209fdfe9b98fd97b074ec3ff,127.0.0.1
"2024-01-22 12:16:07",admin,"Access allowed to module ""shop""",1,"Демонстрационный сайт 22.01.2024 12:04:02",http://furniture-shop/admin/shop/item/index.php?shop_id=1&shop_group_id=1,127.0.0.1
"2024-01-22 12:16:17",admin,"Access allowed to module ""shop""",1,"Демонстрационный сайт 22.01.2024 12:04:02",http://furniture-shop/admin/shop/item/index.php?shop_id=1&shop_group_id=1&secret_csrf=170591496735214a1f1625f203c8e278051f8927f14c1f9ed5ae783afaccffbbcbfcf3cd9c,127.0.0.1
"2024-01-22 12:17:04",admin,"Access allowed to module ""shop""",1,"Демонстрационный сайт 22.01.2024 12:04:02",http://furniture-shop/admin/shop/item/index.php?hostcms[current]=1&hostcms[sortingfield]=335&hostcms[sortingdirection]=1&hostcms[window]=id_content&hostcms[filterId]=&shop_id=1&shop_group_id=1&hostcms[checked][1][25]=1,127.0.0.1
"2024-01-22 12:17:04",admin,"Action ""Edit"" of form ""Shop, goods and groups""",1,"Демонстрационный сайт 22.01.2024 12:04:02",http://furniture-shop/admin/shop/item/index.php?hostcms[current]=1&hostcms[sortingfield]=335&hostcms[sortingdirection]=1&hostcms[window]=id_content&hostcms[filterId]=&shop_id=1&shop_group_id=1&hostcms[checked][1][25]=1,127.0.0.1
"2024-01-22 12:17:51",admin,"Access allowed to module ""shop""",1,"Демонстрационный сайт 22.01.2024 12:04:02",http://furniture-shop/admin/shop/item/index.php?shop_id=1&shop_group_id=1,127.0.0.1
"2024-01-22 12:19:21",admin,"Access allowed to module ""structure""",1,"Демонстрационный сайт 22.01.2024 12:04:02",http://furniture-shop/admin/structure/index.php?hostcms[action]=edit&parent_id=0&hostcms[checked][0][5]=1&hostcmsMode=blank,127.0.0.1
"2024-01-22 12:19:24",admin,"Access allowed to module ""structure""",1,"Демонстрационный сайт 22.01.2024 12:04:02",http://furniture-shop/admin/structure/index.php?lib_id=0,127.0.0.1
"2024-01-22 12:19:24",admin,"Access allowed to module ""structure""",1,"Демонстрационный сайт 22.01.2024 12:04:02",http://furniture-shop/admin/structure/index.php?hostcms[action]=edit&parent_id=0&hostcms[checked][0][5]=1&hostcmsMode=blank,127.0.0.1
"2024-01-22 12:20:01",admin,"Access allowed to module ""template""",1,"Демонстрационный сайт 22.01.2024 12:04:02",http://furniture-shop/admin/template/section/index.php?hostcms[action]=edit&template_id=2&template_dir_id=1&hostcms[checked][0][1]=1&hostcmsMode=blank,127.0.0.1
"2024-01-22 12:20:17",admin,"Access allowed to module ""template""",1,"Демонстрационный сайт 22.01.2024 12:04:02",http://furniture-shop/admin/template/section/index.php?hostcms[action]=edit&template_id=2&template_dir_id=1&hostcms[checked][0][1]=1&hostcmsMode=blank,127.0.0.1
"2024-01-22 12:26:06",admin,"Access allowed to module ""template""",1,"Демонстрационный сайт 22.01.2024 12:04:02",http://furniture-shop/admin/template/section/lib/index.php?hostcms[action]=edit&template_section_id=4&hostcms[checked][0][9]=1&structure_id=5&hostcmsMode=blank,127.0.0.1
"2024-01-22 12:26:09",admin,"Access allowed to module ""template""",1,"Демонстрационный сайт 22.01.2024 12:04:02",http://furniture-shop/admin/template/section/lib/index.php?lib_id=97,127.0.0.1
"2024-01-22 12:27:37",admin,"Access allowed to module ""template""",1,"Демонстрационный сайт 22.01.2024 12:04:02",http://furniture-shop/admin/template/section/lib/index.php?hostcms[current]=1&hostcms[sortingfield]=1129&hostcms[sortingdirection]=1&hostcms[window]=id_content&hostcms[filterId]=main&template_section_id=4&structure_id=5&hostcmsMode=blank&hostcms[checked][0][9]=1,127.0.0.1
"2024-01-22 12:27:40",admin,"Access allowed to module ""template""",1,"Демонстрационный сайт 22.01.2024 12:04:02",http://furniture-shop/admin/template/section/lib/index.php?hostcms[action]=edit&template_section_id=4&hostcms[checked][0][9]=1&structure_id=5&hostcmsMode=blank,127.0.0.1
"2024-01-22 12:37:50",admin,"Access allowed to module ""shop""",1,"Демонстрационный сайт 22.01.2024 12:04:02",http://furniture-shop/admin/shop/item/index.php?shop_id=1&shop_group_id=0&hostcmsMode=blank,127.0.0.1
"2024-01-22 12:37:55",admin,"Access allowed to module ""shop""",1,"Демонстрационный сайт 22.01.2024 12:04:02",http://furniture-shop/admin/shop/item/index.php?shop_id=1&shop_group_id=0&hostcmsMode=blank,127.0.0.1
"2024-01-22 12:43:33",admin,"Access allowed to module ""template""",1,"Демонстрационный сайт 22.01.2024 12:04:02",http://furniture-shop/admin/template/section/lib/index.php?hostcms[action]=edit&template_section_id=4&hostcms[checked][0][9]=1&structure_id=5&hostcmsMode=blank,127.0.0.1
"2024-01-22 12:43:35",admin,"Access allowed to module ""template""",1,"Демонстрационный сайт 22.01.2024 12:04:02",http://furniture-shop/admin/template/section/lib/index.php?lib_id=97,127.0.0.1
"2024-01-22 12:43:41",admin,"Access allowed to module ""template""",1,"Демонстрационный сайт 22.01.2024 12:04:02",http://furniture-shop/admin/template/section/lib/index.php?hostcms[action]=edit&template_section_id=4&hostcms[checked][0][9]=1&structure_id=5&hostcmsMode=blank,127.0.0.1
"2024-01-22 12:43:47",admin,"Access allowed to module ""structure""",1,"Демонстрационный сайт 22.01.2024 12:04:02",http://furniture-shop/admin/structure/index.php?hostcms[action]=edit&parent_id=0&hostcms[checked][0][5]=1&hostcmsMode=blank,127.0.0.1
"2024-01-22 12:43:49",admin,"Access allowed to module ""structure""",1,"Демонстрационный сайт 22.01.2024 12:04:02",http://furniture-shop/admin/structure/index.php?hostcms[action]=edit&parent_id=0&hostcms[checked][0][5]=1&hostcmsMode=blank,127.0.0.1
"2024-01-22 12:43:53",admin,"Necessary constants have not been found. Please fill in the fields of form Websites &#8594; Settings &#8594; Registration data",0,"Демонстрационный сайт 22.01.2024 12:04:02",http://furniture-shop/admin/,127.0.0.1
"2024-01-22 12:44:00",admin,"Access allowed to module ""template""",1,"Демонстрационный сайт 22.01.2024 12:04:02",http://furniture-shop/admin/template/section/lib/index.php?hostcms[action]=edit&template_section_id=4&hostcms[checked][0][9]=1&structure_id=5&hostcmsMode=blank,127.0.0.1
"2024-01-22 12:44:02",admin,"Access allowed to module ""template""",1,"Демонстрационный сайт 22.01.2024 12:04:02",http://furniture-shop/admin/template/section/lib/index.php?lib_id=97,127.0.0.1
"2024-01-22 12:44:10",admin,"Access allowed to module ""template""",1,"Демонстрационный сайт 22.01.2024 12:04:02",http://furniture-shop/admin/template/section/lib/index.php?hostcms[current]=1&hostcms[sortingfield]=1129&hostcms[sortingdirection]=1&hostcms[window]=id_content&hostcms[filterId]=main&template_section_id=4&structure_id=5&hostcmsMode=blank&hostcms[checked][0][9]=1,127.0.0.1
"2024-01-22 12:44:10",admin,"Action ""Edit"" of form ""Template section widgets""",1,"Демонстрационный сайт 22.01.2024 12:04:02",http://furniture-shop/admin/template/section/lib/index.php?hostcms[current]=1&hostcms[sortingfield]=1129&hostcms[sortingdirection]=1&hostcms[window]=id_content&hostcms[filterId]=main&template_section_id=4&structure_id=5&hostcmsMode=blank&hostcms[checked][0][9]=1,127.0.0.1
"2024-01-22 12:44:12",admin,"Access allowed to module ""template""",1,"Демонстрационный сайт 22.01.2024 12:04:02",http://furniture-shop/admin/template/section/lib/index.php?hostcms[action]=edit&template_section_id=4&hostcms[checked][0][9]=1&structure_id=5&hostcmsMode=blank,127.0.0.1
"2024-01-22 12:44:52",admin,"Wrong server answer. Please contact support.",0,"Демонстрационный сайт 22.01.2024 12:04:02",http://furniture-shop/admin/index.php?ajaxWidgetLoad&moduleId=82&type=1,127.0.0.1
"2024-01-22 12:45:35",admin,"Access allowed to module ""xsl""",1,"Демонстрационный сайт 22.01.2024 12:04:02",http://furniture-shop/admin/xsl/index.php?hostcms[action]=edit&xsl_dir_id=88&hostcms[checked][1][250]=1&hostcmsMode=blank,127.0.0.1
"2024-01-22 13:06:33",admin,"Access allowed to module ""document""",1,"Демонстрационный сайт 22.01.2024 12:04:02",http://furniture-shop/admin/document/index.php,127.0.0.1
"2024-01-22 13:06:37",admin,"Access allowed to module ""document""",1,"Демонстрационный сайт 22.01.2024 12:04:02",http://furniture-shop/admin/document/index.php?document_dir_id=2,127.0.0.1
"2024-01-22 13:06:50",admin,"Access allowed to module ""document""",1,"Демонстрационный сайт 22.01.2024 12:04:02",http://furniture-shop/admin/document/index.php?document_dir_id=2&secret_csrf=170591799758e6b9e94f4fba06ec8b87fa34767ca41dabe774d431cae11fa212fbd308804b,127.0.0.1
"2024-01-22 13:08:42",admin,"Access allowed to module ""document""",1,"Демонстрационный сайт 22.01.2024 12:04:02",http://furniture-shop/admin/document/index.php?hostcms[current]=1&hostcms[sortingfield]=35&hostcms[sortingdirection]=1&hostcms[window]=id_content&hostcms[filterId]=&document_dir_id=2&hostcms[checked][1][11]=1,127.0.0.1
"2024-01-22 13:08:45",admin,"Access allowed to module ""document""",1,"Демонстрационный сайт 22.01.2024 12:04:02",http://furniture-shop/admin/document/index.php?hostcms[current]=1&hostcms[sortingfield]=35&hostcms[sortingdirection]=1&hostcms[window]=id_content&hostcms[filterId]=&document_dir_id=2&hostcms[checked][1][11]=1,127.0.0.1
"2024-01-22 13:08:46",admin,"Action ""Edit"" of form ""Pages""",1,"Демонстрационный сайт 22.01.2024 12:04:02",http://furniture-shop/admin/document/index.php?hostcms[current]=1&hostcms[sortingfield]=35&hostcms[sortingdirection]=1&hostcms[window]=id_content&hostcms[filterId]=&document_dir_id=2&hostcms[checked][1][11]=1,127.0.0.1
"2024-01-22 13:09:00",admin,"Access allowed to module ""document""",1,"Демонстрационный сайт 22.01.2024 12:04:02",http://furniture-shop/admin/document/index.php?document_dir_id=2&secret_csrf=17059181269d798de712348e1be21f5b51a8eb821d72d31dc48ff9a893133d3fd3546cff58,127.0.0.1
"2024-01-22 13:10:12",admin,"Access allowed to module ""document""",1,"Демонстрационный сайт 22.01.2024 12:04:02",http://furniture-shop/admin/document/index.php?hostcms[current]=1&hostcms[sortingfield]=35&hostcms[sortingdirection]=1&hostcms[window]=id_content&hostcms[filterId]=&document_dir_id=2&hostcms[checked][1][11]=1,127.0.0.1
"2024-01-22 13:10:12",admin,"Action ""Edit"" of form ""Pages""",1,"Демонстрационный сайт 22.01.2024 12:04:02",http://furniture-shop/admin/document/index.php?hostcms[current]=1&hostcms[sortingfield]=35&hostcms[sortingdirection]=1&hostcms[window]=id_content&hostcms[filterId]=&document_dir_id=2&hostcms[checked][1][11]=1,127.0.0.1
"2024-01-22 13:10:28",admin,"Access allowed to module ""document""",1,"Демонстрационный сайт 22.01.2024 12:04:02",http://furniture-shop/admin/document/index.php?document_dir_id=2&secret_csrf=1705918212cb9dd255edb14e74a4b8a6e6de90715ffff3cfb8090c7a7f73ba5268b6e426fc,127.0.0.1
"2024-01-22 13:11:29",admin,"Access allowed to module ""document""",1,"Демонстрационный сайт 22.01.2024 12:04:02",http://furniture-shop/admin/document/index.php?hostcms[current]=1&hostcms[sortingfield]=35&hostcms[sortingdirection]=1&hostcms[window]=id_content&hostcms[filterId]=&document_dir_id=2&hostcms[checked][1][11]=1,127.0.0.1
"2024-01-22 13:11:29",admin,"Action ""Edit"" of form ""Pages""",1,"Демонстрационный сайт 22.01.2024 12:04:02",http://furniture-shop/admin/document/index.php?hostcms[current]=1&hostcms[sortingfield]=35&hostcms[sortingdirection]=1&hostcms[window]=id_content&hostcms[filterId]=&document_dir_id=2&hostcms[checked][1][11]=1,127.0.0.1
"2024-01-22 13:11:38",admin,"Access allowed to module ""document""",1,"Демонстрационный сайт 22.01.2024 12:04:02",http://furniture-shop/admin/document/index.php?document_dir_id=2&secret_csrf=170591828978443a7c9498419a0835cef5c85005fdac5ff9b3cc9850fc0b916279dba8c63d,127.0.0.1
"2024-01-22 13:11:46",admin,"Access allowed to module ""document""",1,"Демонстрационный сайт 22.01.2024 12:04:02",http://furniture-shop/admin/document/index.php?hostcms[current]=1&hostcms[sortingfield]=35&hostcms[sortingdirection]=1&hostcms[window]=id_content&hostcms[filterId]=&document_dir_id=2&hostcms[checked][1][11]=1,127.0.0.1
"2024-01-22 13:11:46",admin,"Action ""Edit"" of form ""Pages""",1,"Демонстрационный сайт 22.01.2024 12:04:02",http://furniture-shop/admin/document/index.php?hostcms[current]=1&hostcms[sortingfield]=35&hostcms[sortingdirection]=1&hostcms[window]=id_content&hostcms[filterId]=&document_dir_id=2&hostcms[checked][1][11]=1,127.0.0.1
"2024-01-22 13:11:55",admin,"Access allowed to module ""document""",1,"Демонстрационный сайт 22.01.2024 12:04:02",http://furniture-shop/admin/document/index.php?document_dir_id=2&secret_csrf=17059183067c11dc8fe44b45fb57c128970ef17193daf1281c5b68e02e1410a0a3b89eaaae,127.0.0.1
"2024-01-22 13:15:42",admin,"Access allowed to module ""document""",1,"Демонстрационный сайт 22.01.2024 12:04:02",http://furniture-shop/admin/document/index.php?hostcms[current]=1&hostcms[sortingfield]=35&hostcms[sortingdirection]=1&hostcms[window]=id_content&hostcms[filterId]=&document_dir_id=2&hostcms[checked][1][11]=1,127.0.0.1
"2024-01-22 13:15:42",admin,"Action ""Edit"" of form ""Pages""",1,"Демонстрационный сайт 22.01.2024 12:04:02",http://furniture-shop/admin/document/index.php?hostcms[current]=1&hostcms[sortingfield]=35&hostcms[sortingdirection]=1&hostcms[window]=id_content&hostcms[filterId]=&document_dir_id=2&hostcms[checked][1][11]=1,127.0.0.1
"2024-01-22 13:15:55",admin,"Access allowed to module ""document""",1,"Демонстрационный сайт 22.01.2024 12:04:02",http://furniture-shop/admin/document/index.php?document_dir_id=2&secret_csrf=1705918542dcd33efdd86e244fb284163d9f8921816f2dd896107888d8b1cdadbccbd0f136,127.0.0.1
"2024-01-22 13:16:10",admin,"Access allowed to module ""document""",1,"Демонстрационный сайт 22.01.2024 12:04:02",http://furniture-shop/admin/document/index.php?hostcms[current]=1&hostcms[sortingfield]=35&hostcms[sortingdirection]=1&hostcms[window]=id_content&hostcms[filterId]=&document_dir_id=2&hostcms[checked][1][11]=1,127.0.0.1
"2024-01-22 13:16:10",admin,"Action ""Edit"" of form ""Pages""",1,"Демонстрационный сайт 22.01.2024 12:04:02",http://furniture-shop/admin/document/index.php?hostcms[current]=1&hostcms[sortingfield]=35&hostcms[sortingdirection]=1&hostcms[window]=id_content&hostcms[filterId]=&document_dir_id=2&hostcms[checked][1][11]=1,127.0.0.1
"2024-01-22 13:16:20",admin,"Access allowed to module ""document""",1,"Демонстрационный сайт 22.01.2024 12:04:02",http://furniture-shop/admin/document/index.php?document_dir_id=2&secret_csrf=17059185707b4947964e8bfaf440b78c2d1d18d7fe22ee614838bfd423371d71cb7e9bdb40,127.0.0.1
"2024-01-22 13:16:35",admin,"Access allowed to module ""document""",1,"Демонстрационный сайт 22.01.2024 12:04:02",http://furniture-shop/admin/document/index.php?hostcms[current]=1&hostcms[sortingfield]=35&hostcms[sortingdirection]=1&hostcms[window]=id_content&hostcms[filterId]=&document_dir_id=2&hostcms[checked][1][11]=1,127.0.0.1
"2024-01-22 13:16:35",admin,"Action ""Edit"" of form ""Pages""",1,"Демонстрационный сайт 22.01.2024 12:04:02",http://furniture-shop/admin/document/index.php?hostcms[current]=1&hostcms[sortingfield]=35&hostcms[sortingdirection]=1&hostcms[window]=id_content&hostcms[filterId]=&document_dir_id=2&hostcms[checked][1][11]=1,127.0.0.1
"2024-01-22 13:16:57",admin,"Access allowed to module ""document""",1,"Демонстрационный сайт 22.01.2024 12:04:02",http://furniture-shop/admin/document/index.php?document_dir_id=2&secret_csrf=17059185957ec8b007ebcd94e923f9a67325cf0cff0408179d8554a2f25fc1ebc947c63e16,127.0.0.1
"2024-01-22 13:17:10",admin,"Access allowed to module ""document""",1,"Демонстрационный сайт 22.01.2024 12:04:02",http://furniture-shop/admin/document/index.php?hostcms[current]=1&hostcms[sortingfield]=35&hostcms[sortingdirection]=1&hostcms[window]=id_content&hostcms[filterId]=&document_dir_id=2&hostcms[checked][1][11]=1,127.0.0.1
"2024-01-22 13:17:10",admin,"Action ""Edit"" of form ""Pages""",1,"Демонстрационный сайт 22.01.2024 12:04:02",http://furniture-shop/admin/document/index.php?hostcms[current]=1&hostcms[sortingfield]=35&hostcms[sortingdirection]=1&hostcms[window]=id_content&hostcms[filterId]=&document_dir_id=2&hostcms[checked][1][11]=1,127.0.0.1
"2024-01-22 13:17:19",admin,"Access allowed to module ""document""",1,"Демонстрационный сайт 22.01.2024 12:04:02",http://furniture-shop/admin/document/index.php?document_dir_id=2&secret_csrf=1705918630aae897aa514a313e17cb0422385e64614cfe564065ad5e645a411a3e1338d32a,127.0.0.1
"2024-01-22 13:17:39",admin,"Access allowed to module ""document""",1,"Демонстрационный сайт 22.01.2024 12:04:02",http://furniture-shop/admin/document/index.php?hostcms[current]=1&hostcms[sortingfield]=35&hostcms[sortingdirection]=1&hostcms[window]=id_content&hostcms[filterId]=&document_dir_id=2&hostcms[checked][1][11]=1,127.0.0.1
"2024-01-22 13:17:39",admin,"Action ""Edit"" of form ""Pages""",1,"Демонстрационный сайт 22.01.2024 12:04:02",http://furniture-shop/admin/document/index.php?hostcms[current]=1&hostcms[sortingfield]=35&hostcms[sortingdirection]=1&hostcms[window]=id_content&hostcms[filterId]=&document_dir_id=2&hostcms[checked][1][11]=1,127.0.0.1
"2024-01-22 13:18:19",admin,"Access allowed to module ""document""",1,"Демонстрационный сайт 22.01.2024 12:04:02",http://furniture-shop/admin/document/index.php?document_dir_id=2&secret_csrf=17059186598fbce15a34696dc538c232530a5aa257f585fa023868647dbf839e271bdcc38a,127.0.0.1
"2024-01-22 13:18:30",admin,"Access allowed to module ""document""",1,"Демонстрационный сайт 22.01.2024 12:04:02",http://furniture-shop/admin/document/index.php?hostcms[current]=1&hostcms[sortingfield]=35&hostcms[sortingdirection]=1&hostcms[window]=id_content&hostcms[filterId]=&document_dir_id=2&hostcms[checked][1][11]=1,127.0.0.1
"2024-01-22 13:18:30",admin,"Action ""Edit"" of form ""Pages""",1,"Демонстрационный сайт 22.01.2024 12:04:02",http://furniture-shop/admin/document/index.php?hostcms[current]=1&hostcms[sortingfield]=35&hostcms[sortingdirection]=1&hostcms[window]=id_content&hostcms[filterId]=&document_dir_id=2&hostcms[checked][1][11]=1,127.0.0.1
"2024-01-22 13:18:40",admin,"Access allowed to module ""document""",1,"Демонстрационный сайт 22.01.2024 12:04:02",http://furniture-shop/admin/document/index.php?document_dir_id=2&secret_csrf=170591871053d5003658ecd3952a9fdfb7f5ee2f6e66d60530f6256bdc6b1ea6fc468a1827,127.0.0.1
"2024-01-22 13:18:48",admin,"Access allowed to module ""document""",1,"Демонстрационный сайт 22.01.2024 12:04:02",http://furniture-shop/admin/document/index.php?hostcms[current]=1&hostcms[sortingfield]=35&hostcms[sortingdirection]=1&hostcms[window]=id_content&hostcms[filterId]=&document_dir_id=2&hostcms[checked][1][11]=1,127.0.0.1
"2024-01-22 13:18:48",admin,"Action ""Edit"" of form ""Pages""",1,"Демонстрационный сайт 22.01.2024 12:04:02",http://furniture-shop/admin/document/index.php?hostcms[current]=1&hostcms[sortingfield]=35&hostcms[sortingdirection]=1&hostcms[window]=id_content&hostcms[filterId]=&document_dir_id=2&hostcms[checked][1][11]=1,127.0.0.1
"2024-01-22 13:19:42",admin,"Access allowed to module ""document""",1,"Демонстрационный сайт 22.01.2024 12:04:02",http://furniture-shop/admin/document/index.php?document_dir_id=2&secret_csrf=1705918728344fed2e11b6f086689544da38bad8d0b4086e15239db4f12f7b8a9e2f38b3b4,127.0.0.1
"2024-01-22 13:20:29",admin,"Access allowed to module ""document""",1,"Демонстрационный сайт 22.01.2024 12:04:02",http://furniture-shop/admin/document/index.php?hostcms[current]=1&hostcms[sortingfield]=35&hostcms[sortingdirection]=1&hostcms[window]=id_content&hostcms[filterId]=&document_dir_id=2&hostcms[checked][1][12]=1,127.0.0.1
"2024-01-22 13:20:29",admin,"Action ""Edit"" of form ""Pages""",1,"Демонстрационный сайт 22.01.2024 12:04:02",http://furniture-shop/admin/document/index.php?hostcms[current]=1&hostcms[sortingfield]=35&hostcms[sortingdirection]=1&hostcms[window]=id_content&hostcms[filterId]=&document_dir_id=2&hostcms[checked][1][12]=1,127.0.0.1
"2024-01-22 13:20:45",admin,"Access allowed to module ""document""",1,"Демонстрационный сайт 22.01.2024 12:04:02",http://furniture-shop/admin/document/index.php?document_dir_id=2&secret_csrf=1705918829b8ccba3c77cdf99780a589c6e212fd1b417ce1264e2de22d80331efab0953448,127.0.0.1
"2024-01-22 13:21:32",admin,"Access allowed to module ""document""",1,"Демонстрационный сайт 22.01.2024 12:04:02",http://furniture-shop/admin/document/index.php?hostcms[current]=1&hostcms[sortingfield]=35&hostcms[sortingdirection]=1&hostcms[window]=id_content&hostcms[filterId]=&document_dir_id=2&hostcms[checked][1][12]=1,127.0.0.1
"2024-01-22 13:21:33",admin,"Action ""Edit"" of form ""Pages""",1,"Демонстрационный сайт 22.01.2024 12:04:02",http://furniture-shop/admin/document/index.php?hostcms[current]=1&hostcms[sortingfield]=35&hostcms[sortingdirection]=1&hostcms[window]=id_content&hostcms[filterId]=&document_dir_id=2&hostcms[checked][1][12]=1,127.0.0.1
"2024-01-22 13:21:47",admin,"Access allowed to module ""document""",1,"Демонстрационный сайт 22.01.2024 12:04:02",http://furniture-shop/admin/document/index.php?document_dir_id=2&secret_csrf=170591889382989ffc9a13b69cd368d7262cb94d8cb5a5d5cc350d026f670bac8f0d29b3d5,127.0.0.1
"2024-01-22 13:21:55",admin,"Access allowed to module ""document""",1,"Демонстрационный сайт 22.01.2024 12:04:02",http://furniture-shop/admin/document/index.php?hostcms[current]=1&hostcms[sortingfield]=35&hostcms[sortingdirection]=1&hostcms[window]=id_content&hostcms[filterId]=&document_dir_id=2&hostcms[checked][1][12]=1,127.0.0.1
"2024-01-22 13:21:55",admin,"Action ""Edit"" of form ""Pages""",1,"Демонстрационный сайт 22.01.2024 12:04:02",http://furniture-shop/admin/document/index.php?hostcms[current]=1&hostcms[sortingfield]=35&hostcms[sortingdirection]=1&hostcms[window]=id_content&hostcms[filterId]=&document_dir_id=2&hostcms[checked][1][12]=1,127.0.0.1
"2024-01-22 13:22:05",admin,"Access allowed to module ""document""",1,"Демонстрационный сайт 22.01.2024 12:04:02",http://furniture-shop/admin/document/index.php?document_dir_id=2&secret_csrf=17059189153b7d5b33a7bc1fb2fb7df13535f358bd4eb76098448e5dffda21fdd0a75afd02,127.0.0.1
"2024-01-22 13:22:11",admin,"Access allowed to module ""document""",1,"Демонстрационный сайт 22.01.2024 12:04:02",http://furniture-shop/admin/document/index.php?hostcms[current]=1&hostcms[sortingfield]=35&hostcms[sortingdirection]=1&hostcms[window]=id_content&hostcms[filterId]=&document_dir_id=2&hostcms[checked][1][12]=1,127.0.0.1
"2024-01-22 13:22:11",admin,"Action ""Edit"" of form ""Pages""",1,"Демонстрационный сайт 22.01.2024 12:04:02",http://furniture-shop/admin/document/index.php?hostcms[current]=1&hostcms[sortingfield]=35&hostcms[sortingdirection]=1&hostcms[window]=id_content&hostcms[filterId]=&document_dir_id=2&hostcms[checked][1][12]=1,127.0.0.1
"2024-01-22 13:22:22",admin,"Access allowed to module ""document""",1,"Демонстрационный сайт 22.01.2024 12:04:02",http://furniture-shop/admin/document/index.php?document_dir_id=2&secret_csrf=17059189318b14e7970506336ad3a6215870e7ddcb27c0d33fe7235c52ca3fef3faedf0fac,127.0.0.1
"2024-01-22 13:22:44",admin,"Access allowed to module ""document""",1,"Демонстрационный сайт 22.01.2024 12:04:02",http://furniture-shop/admin/document/index.php?hostcms[current]=1&hostcms[sortingfield]=35&hostcms[sortingdirection]=1&hostcms[window]=id_content&hostcms[filterId]=&document_dir_id=2&hostcms[checked][1][12]=1,127.0.0.1
"2024-01-22 13:22:44",admin,"Action ""Edit"" of form ""Pages""",1,"Демонстрационный сайт 22.01.2024 12:04:02",http://furniture-shop/admin/document/index.php?hostcms[current]=1&hostcms[sortingfield]=35&hostcms[sortingdirection]=1&hostcms[window]=id_content&hostcms[filterId]=&document_dir_id=2&hostcms[checked][1][12]=1,127.0.0.1
"2024-01-22 13:22:53",admin,"Access allowed to module ""document""",1,"Демонстрационный сайт 22.01.2024 12:04:02",http://furniture-shop/admin/document/index.php?document_dir_id=2&secret_csrf=170591896456517a40cba5456a02055cd520da7c668dc483b67b8609b1ab39c42c7b2d4463,127.0.0.1
"2024-01-22 13:23:04",admin,"Access allowed to module ""document""",1,"Демонстрационный сайт 22.01.2024 12:04:02",http://furniture-shop/admin/document/index.php?hostcms[current]=1&hostcms[sortingfield]=35&hostcms[sortingdirection]=1&hostcms[window]=id_content&hostcms[filterId]=&document_dir_id=2&hostcms[checked][1][12]=1,127.0.0.1
"2024-01-22 13:23:04",admin,"Action ""Edit"" of form ""Pages""",1,"Демонстрационный сайт 22.01.2024 12:04:02",http://furniture-shop/admin/document/index.php?hostcms[current]=1&hostcms[sortingfield]=35&hostcms[sortingdirection]=1&hostcms[window]=id_content&hostcms[filterId]=&document_dir_id=2&hostcms[checked][1][12]=1,127.0.0.1
"2024-01-22 13:23:44",admin,"Access allowed to module ""document""",1,"Демонстрационный сайт 22.01.2024 12:04:02",http://furniture-shop/admin/document/index.php?document_dir_id=2&secret_csrf=1705918984660b5b9b55d4f4251aa541b404183ee35a0c2bc9000384f6759cd3ab8c1ebef9,127.0.0.1
"2024-01-22 13:26:51",admin,"Access allowed to module ""document""",1,"Демонстрационный сайт 22.01.2024 12:04:02",http://furniture-shop/admin/document/index.php?hostcms[current]=1&hostcms[sortingfield]=35&hostcms[sortingdirection]=1&hostcms[window]=id_content&hostcms[filterId]=&document_dir_id=2&hostcms[checked][1][14]=1,127.0.0.1
"2024-01-22 13:26:51",admin,"Action ""Edit"" of form ""Pages""",1,"Демонстрационный сайт 22.01.2024 12:04:02",http://furniture-shop/admin/document/index.php?hostcms[current]=1&hostcms[sortingfield]=35&hostcms[sortingdirection]=1&hostcms[window]=id_content&hostcms[filterId]=&document_dir_id=2&hostcms[checked][1][14]=1,127.0.0.1
"2024-01-22 13:27:18",admin,"Access allowed to module ""document""",1,"Демонстрационный сайт 22.01.2024 12:04:02",http://furniture-shop/admin/document/index.php?document_dir_id=2&secret_csrf=170591921119477f16947090aaf32b5672a7696101cd49f5a570dc78191c9c968a92cd06a2,127.0.0.1
"2024-01-22 13:27:26",admin,"Access allowed to module ""document""",1,"Демонстрационный сайт 22.01.2024 12:04:02",http://furniture-shop/admin/document/index.php?hostcms[current]=1&hostcms[sortingfield]=35&hostcms[sortingdirection]=1&hostcms[window]=id_content&hostcms[filterId]=&document_dir_id=2&hostcms[checked][1][14]=1,127.0.0.1
"2024-01-22 13:27:26",admin,"Action ""Edit"" of form ""Pages""",1,"Демонстрационный сайт 22.01.2024 12:04:02",http://furniture-shop/admin/document/index.php?hostcms[current]=1&hostcms[sortingfield]=35&hostcms[sortingdirection]=1&hostcms[window]=id_content&hostcms[filterId]=&document_dir_id=2&hostcms[checked][1][14]=1,127.0.0.1
"2024-01-22 13:27:45",admin,"Access allowed to module ""document""",1,"Демонстрационный сайт 22.01.2024 12:04:02",http://furniture-shop/admin/document/index.php?document_dir_id=2&secret_csrf=1705919246e91bfed6df1937a46461789783e38934390f856325dd1e71da50be668b22f22b,127.0.0.1
"2024-01-22 13:28:26",admin,"Access allowed to module ""document""",1,"Демонстрационный сайт 22.01.2024 12:04:02",http://furniture-shop/admin/document/index.php?hostcms[current]=1&hostcms[sortingfield]=35&hostcms[sortingdirection]=1&hostcms[window]=id_content&hostcms[filterId]=&document_dir_id=2&hostcms[checked][1][14]=1,127.0.0.1
"2024-01-22 13:28:26",admin,"Action ""Edit"" of form ""Pages""",1,"Демонстрационный сайт 22.01.2024 12:04:02",http://furniture-shop/admin/document/index.php?hostcms[current]=1&hostcms[sortingfield]=35&hostcms[sortingdirection]=1&hostcms[window]=id_content&hostcms[filterId]=&document_dir_id=2&hostcms[checked][1][14]=1,127.0.0.1
"2024-01-22 13:28:37",admin,"Access allowed to module ""document""",1,"Демонстрационный сайт 22.01.2024 12:04:02",http://furniture-shop/admin/document/index.php?document_dir_id=2&secret_csrf=17059193064c60a83dd22e8c9bef809a306aa5520f9beefe64d3f4e04f8288ec2bab5b542d,127.0.0.1
"2024-01-22 13:28:54",admin,"Access allowed to module ""document""",1,"Демонстрационный сайт 22.01.2024 12:04:02",http://furniture-shop/admin/document/index.php?hostcms[current]=1&hostcms[sortingfield]=35&hostcms[sortingdirection]=1&hostcms[window]=id_content&hostcms[filterId]=&document_dir_id=2&hostcms[checked][1][14]=1,127.0.0.1
"2024-01-22 13:28:54",admin,"Action ""Edit"" of form ""Pages""",1,"Демонстрационный сайт 22.01.2024 12:04:02",http://furniture-shop/admin/document/index.php?hostcms[current]=1&hostcms[sortingfield]=35&hostcms[sortingdirection]=1&hostcms[window]=id_content&hostcms[filterId]=&document_dir_id=2&hostcms[checked][1][14]=1,127.0.0.1
"2024-01-22 13:29:02",admin,"Access allowed to module ""document""",1,"Демонстрационный сайт 22.01.2024 12:04:02",http://furniture-shop/admin/document/index.php?document_dir_id=2&secret_csrf=17059193346ec3972b800a24d941061082d0338c08c76f39d9ef02748b075442de3106fa7f,127.0.0.1
"2024-01-22 13:29:09",admin,"Access allowed to module ""document""",1,"Демонстрационный сайт 22.01.2024 12:04:02",http://furniture-shop/admin/document/index.php?hostcms[current]=1&hostcms[sortingfield]=35&hostcms[sortingdirection]=1&hostcms[window]=id_content&hostcms[filterId]=&document_dir_id=2&hostcms[checked][1][14]=1,127.0.0.1
"2024-01-22 13:29:09",admin,"Action ""Edit"" of form ""Pages""",1,"Демонстрационный сайт 22.01.2024 12:04:02",http://furniture-shop/admin/document/index.php?hostcms[current]=1&hostcms[sortingfield]=35&hostcms[sortingdirection]=1&hostcms[window]=id_content&hostcms[filterId]=&document_dir_id=2&hostcms[checked][1][14]=1,127.0.0.1
"2024-01-22 13:29:24",admin,"Access allowed to module ""document""",1,"Демонстрационный сайт 22.01.2024 12:04:02",http://furniture-shop/admin/document/index.php,127.0.0.1
"2024-01-22 13:29:28",admin,"Access allowed to module ""informationsystem""",1,"Демонстрационный сайт 22.01.2024 12:04:02",http://furniture-shop/admin/informationsystem/index.php,127.0.0.1
"2024-01-22 13:30:16",admin,"Access allowed to module ""template""",1,"Демонстрационный сайт 22.01.2024 12:04:02",http://furniture-shop/admin/template/section/lib/index.php?hostcms[action]=edit&template_section_id=3&hostcms[checked][0][6]=1&structure_id=5&hostcmsMode=blank,127.0.0.1
"2024-01-22 13:30:26",admin,"Access allowed to module ""template""",1,"Демонстрационный сайт 22.01.2024 12:04:02",http://furniture-shop/admin/template/section/lib/index.php?hostcms[action]=edit&template_section_id=3&hostcms[checked][0][6]=1&structure_id=5&hostcmsMode=blank,127.0.0.1
"2024-01-22 13:30:29",admin,"Access allowed to module ""template""",1,"Демонстрационный сайт 22.01.2024 12:04:02",http://furniture-shop/admin/template/section/lib/index.php?lib_id=92,127.0.0.1
"2024-01-22 13:31:53",admin,"Access allowed to module ""template""",1,"Демонстрационный сайт 22.01.2024 12:04:02",http://furniture-shop/admin/template/section/lib/index.php?hostcms[current]=1&hostcms[sortingfield]=1129&hostcms[sortingdirection]=1&hostcms[window]=id_content&hostcms[filterId]=main&template_section_id=3&structure_id=5&hostcmsMode=blank&hostcms[checked][0][6]=1,127.0.0.1
"2024-01-22 13:31:56",admin,"Access allowed to module ""template""",1,"Демонстрационный сайт 22.01.2024 12:04:02",http://furniture-shop/admin/template/section/lib/index.php?hostcms[action]=edit&template_section_id=3&hostcms[checked][0][6]=1&structure_id=5&hostcmsMode=blank,127.0.0.1
"2024-01-22 13:32:00",admin,"Access allowed to module ""template""",1,"Демонстрационный сайт 22.01.2024 12:04:02",http://furniture-shop/admin/template/section/lib/index.php?hostcms[action]=edit&template_section_id=3&hostcms[checked][0][6]=1&structure_id=0&hostcmsMode=blank,127.0.0.1
"2024-01-22 13:32:03",admin,"Access allowed to module ""template""",1,"Демонстрационный сайт 22.01.2024 12:04:02",http://furniture-shop/admin/template/section/lib/index.php?lib_id=92,127.0.0.1
"2024-01-22 13:40:17",admin,"Access allowed to module ""template""",1,"Демонстрационный сайт 22.01.2024 12:04:02",http://furniture-shop/admin/template/section/lib/index.php?hostcms[action]=edit&template_section_id=4&hostcms[checked][0][9]=1&structure_id=5&hostcmsMode=blank,127.0.0.1
"2024-01-22 13:40:20",admin,"Access allowed to module ""template""",1,"Демонстрационный сайт 22.01.2024 12:04:02",http://furniture-shop/admin/template/section/lib/index.php?lib_id=97,127.0.0.1
"2024-01-22 13:40:32",admin,"Access allowed to module ""template""",1,"Демонстрационный сайт 22.01.2024 12:04:02",http://furniture-shop/admin/template/section/lib/index.php?hostcms[current]=1&hostcms[sortingfield]=1129&hostcms[sortingdirection]=1&hostcms[window]=id_content&hostcms[filterId]=main&template_section_id=4&structure_id=5&hostcmsMode=blank&hostcms[checked][0][9]=1,127.0.0.1
"2024-01-22 13:40:32",admin,"Action ""Edit"" of form ""Template section widgets""",1,"Демонстрационный сайт 22.01.2024 12:04:02",http://furniture-shop/admin/template/section/lib/index.php?hostcms[current]=1&hostcms[sortingfield]=1129&hostcms[sortingdirection]=1&hostcms[window]=id_content&hostcms[filterId]=main&template_section_id=4&structure_id=5&hostcmsMode=blank&hostcms[checked][0][9]=1,127.0.0.1
"2024-01-22 13:40:35",admin,"Access allowed to module ""template""",1,"Демонстрационный сайт 22.01.2024 12:04:02",http://furniture-shop/admin/template/section/lib/index.php?hostcms[action]=edit&template_section_id=4&hostcms[checked][0][9]=1&structure_id=5&hostcmsMode=blank,127.0.0.1
"2024-01-22 13:41:20",admin,"Access allowed to module ""template""",1,"Демонстрационный сайт 22.01.2024 12:04:02",http://furniture-shop/admin/template/section/lib/index.php?hostcms[action]=edit&template_section_id=4&hostcms[checked][0][9]=1&structure_id=5&hostcmsMode=blank,127.0.0.1
"2024-01-22 13:41:24",admin,"Access allowed to module ""template""",1,"Демонстрационный сайт 22.01.2024 12:04:02",http://furniture-shop/admin/template/section/lib/index.php?lib_id=97,127.0.0.1
"2024-01-22 13:41:40",admin,"Access allowed to module ""template""",1,"Демонстрационный сайт 22.01.2024 12:04:02",http://furniture-shop/admin/template/section/lib/index.php?hostcms[current]=1&hostcms[sortingfield]=1129&hostcms[sortingdirection]=1&hostcms[window]=id_content&hostcms[filterId]=main&template_section_id=4&structure_id=5&hostcmsMode=blank&hostcms[checked][0][9]=1,127.0.0.1
"2024-01-22 13:41:40",admin,"Action ""Edit"" of form ""Template section widgets""",1,"Демонстрационный сайт 22.01.2024 12:04:02",http://furniture-shop/admin/template/section/lib/index.php?hostcms[current]=1&hostcms[sortingfield]=1129&hostcms[sortingdirection]=1&hostcms[window]=id_content&hostcms[filterId]=main&template_section_id=4&structure_id=5&hostcmsMode=blank&hostcms[checked][0][9]=1,127.0.0.1
"2024-01-22 13:41:43",admin,"Access allowed to module ""template""",1,"Демонстрационный сайт 22.01.2024 12:04:02",http://furniture-shop/admin/template/section/lib/index.php?hostcms[action]=edit&template_section_id=4&hostcms[checked][0][9]=1&structure_id=5&hostcmsMode=blank,127.0.0.1
"2024-01-22 13:46:00",admin,"Access allowed to module ""template""",1,"Демонстрационный сайт 22.01.2024 12:04:02",http://furniture-shop/admin/template/section/lib/index.php?hostcms[action]=edit&template_section_id=4&hostcms[checked][0][9]=1&structure_id=5&hostcmsMode=blank,127.0.0.1
"2024-01-22 13:46:03",admin,"Access allowed to module ""template""",1,"Демонстрационный сайт 22.01.2024 12:04:02",http://furniture-shop/admin/template/section/lib/index.php?lib_id=97,127.0.0.1
"2024-01-22 13:46:31",admin,"Access allowed to module ""template""",1,"Демонстрационный сайт 22.01.2024 12:04:02",http://furniture-shop/admin/template/section/lib/index.php?hostcms[current]=1&hostcms[sortingfield]=1129&hostcms[sortingdirection]=1&hostcms[window]=id_content&hostcms[filterId]=main&template_section_id=4&structure_id=5&hostcmsMode=blank&hostcms[checked][0][9]=1,127.0.0.1
"2024-01-22 13:46:31",admin,"Action ""Edit"" of form ""Template section widgets""",1,"Демонстрационный сайт 22.01.2024 12:04:02",http://furniture-shop/admin/template/section/lib/index.php?hostcms[current]=1&hostcms[sortingfield]=1129&hostcms[sortingdirection]=1&hostcms[window]=id_content&hostcms[filterId]=main&template_section_id=4&structure_id=5&hostcmsMode=blank&hostcms[checked][0][9]=1,127.0.0.1
"2024-01-22 13:48:34",admin,"Access allowed to module ""shop""",1,"Демонстрационный сайт 22.01.2024 12:04:02",http://furniture-shop/admin/shop/index.php,127.0.0.1
"2024-01-22 13:48:38",admin,"Access allowed to module ""shop""",1,"Демонстрационный сайт 22.01.2024 12:04:02",http://furniture-shop/admin/shop/item/index.php?shop_id=1&shop_dir_id=0,127.0.0.1
"2024-01-22 13:48:43",admin,"Access allowed to module ""shop""",1,"Демонстрационный сайт 22.01.2024 12:04:02",http://furniture-shop/admin/shop/item/index.php?shop_id=1&shop_group_id=1,127.0.0.1
"2024-01-22 13:48:49",admin,"Access allowed to module ""shop""",1,"Демонстрационный сайт 22.01.2024 12:04:02",http://furniture-shop/admin/shop/item/index.php?shop_id=1&shop_group_id=1&secret_csrf=1705920523c2439a073bd4f026128187571cfc6aa8dcdadbfe1fc4a5af4625e8a94849bfc3,127.0.0.1
"2024-01-22 13:48:59",admin,"Access allowed to module ""shop""",1,"Демонстрационный сайт 22.01.2024 12:04:02",http://furniture-shop/admin/shop/item/index.php?hostcms[current]=1&hostcms[sortingfield]=335&hostcms[sortingdirection]=0&hostcms[window]=id_content&hostcms[filterId]=&shop_id=1&shop_group_id=1&hostcms[checked][1][14]=1,127.0.0.1
"2024-01-22 13:49:00",admin,"Action ""Edit"" of form ""Shop, goods and groups""",1,"Демонстрационный сайт 22.01.2024 12:04:02",http://furniture-shop/admin/shop/item/index.php?hostcms[current]=1&hostcms[sortingfield]=335&hostcms[sortingdirection]=0&hostcms[window]=id_content&hostcms[filterId]=&shop_id=1&shop_group_id=1&hostcms[checked][1][14]=1,127.0.0.1
"2024-01-22 13:49:05",admin,"Access allowed to module ""shop""",1,"Демонстрационный сайт 22.01.2024 12:04:02",http://furniture-shop/admin/shop/item/index.php?shop_id=1&shop_group_id=1&secret_csrf=170592054042b679ced900ae044b0c925602157593a43cd79c89247d9663960b8495f32e64,127.0.0.1
"2024-01-22 13:49:17",admin,"Access allowed to module ""shop""",1,"Демонстрационный сайт 22.01.2024 12:04:02",http://furniture-shop/admin/shop/item/index.php?hostcms[current]=1&hostcms[sortingfield]=335&hostcms[sortingdirection]=0&hostcms[window]=id_content&hostcms[filterId]=&shop_id=1&shop_group_id=1&hostcms[checked][1][13]=1,127.0.0.1
"2024-01-22 13:49:18",admin,"Action ""Edit"" of form ""Shop, goods and groups""",1,"Демонстрационный сайт 22.01.2024 12:04:02",http://furniture-shop/admin/shop/item/index.php?hostcms[current]=1&hostcms[sortingfield]=335&hostcms[sortingdirection]=0&hostcms[window]=id_content&hostcms[filterId]=&shop_id=1&shop_group_id=1&hostcms[checked][1][13]=1,127.0.0.1
"2024-01-22 13:49:43",admin,"Access allowed to module ""printlayout""",1,"Демонстрационный сайт 22.01.2024 12:04:02",http://furniture-shop/admin/printlayout/index.php,127.0.0.1
"2024-01-22 13:49:49",admin,"Access allowed to module ""informationsystem""",1,"Демонстрационный сайт 22.01.2024 12:04:02",http://furniture-shop/admin/informationsystem/index.php,127.0.0.1
"2024-01-22 13:49:53",admin,"Access allowed to module ""informationsystem""",1,"Демонстрационный сайт 22.01.2024 12:04:02",http://furniture-shop/admin/informationsystem/item/index.php?informationsystem_id=1,127.0.0.1
"2024-01-22 13:49:58",admin,"Access allowed to module ""informationsystem""",1,"Демонстрационный сайт 22.01.2024 12:04:02",http://furniture-shop/admin/informationsystem/item/index.php?informationsystem_id=1&informationsystem_group_id=1,127.0.0.1
"2024-01-22 13:50:25",admin,"Access allowed to module ""constant""",1,"Демонстрационный сайт 22.01.2024 12:04:02",http://furniture-shop/admin/constant/index.php,127.0.0.1
"2024-01-22 13:50:31",admin,"Access allowed to module ""site""",1,"Демонстрационный сайт 22.01.2024 12:04:02",http://furniture-shop/admin/site/index.php,127.0.0.1
"2024-01-22 13:50:38",admin,"Access allowed to module ""site""",1,"Демонстрационный сайт 22.01.2024 12:04:02",http://furniture-shop/admin/site/index.php?&secret_csrf=1705920631e62ff074d74f4b5c31ab5bd45203f29309973baad00f7e3102cb182be6a32315,127.0.0.1
"2024-01-22 13:50:49",admin,"Access allowed to module ""template""",1,"Демонстрационный сайт 22.01.2024 12:04:02",http://furniture-shop/admin/template/section/lib/index.php?hostcms[action]=edit&template_section_id=3&hostcms[checked][0][6]=1&structure_id=5&hostcmsMode=blank,127.0.0.1
"2024-01-22 13:50:52",admin,"Access allowed to module ""template""",1,"Демонстрационный сайт 22.01.2024 12:04:02",http://furniture-shop/admin/template/section/lib/index.php?lib_id=92,127.0.0.1
"2024-01-22 13:51:15",admin,"Access allowed to module ""document""",1,"Демонстрационный сайт 22.01.2024 12:04:02",http://furniture-shop/admin/document/index.php,127.0.0.1
"2024-01-22 13:51:19",admin,"Access allowed to module ""document""",1,"Демонстрационный сайт 22.01.2024 12:04:02",http://furniture-shop/admin/document/index.php?document_dir_id=2,127.0.0.1
"2024-01-22 13:51:26",admin,"Access allowed to module ""informationsystem""",1,"Демонстрационный сайт 22.01.2024 12:04:02",http://furniture-shop/admin/informationsystem/index.php,127.0.0.1
"2024-01-22 13:51:35",admin,"Access allowed to module ""shop""",1,"Демонстрационный сайт 22.01.2024 12:04:02",http://furniture-shop/admin/shop/index.php,127.0.0.1
"2024-01-22 13:51:39",admin,"Access allowed to module ""shop""",1,"Демонстрационный сайт 22.01.2024 12:04:02",http://furniture-shop/admin/shop/item/index.php?shop_id=1&shop_dir_id=0,127.0.0.1
"2024-01-22 13:51:52",admin,"Access allowed to module ""template""",1,"Демонстрационный сайт 22.01.2024 12:04:02",http://furniture-shop/admin/template/section/lib/index.php?hostcms[action]=edit&template_section_id=3&hostcms[checked][0][6]=1&structure_id=5&hostcmsMode=blank,127.0.0.1
"2024-01-22 14:01:33",admin,"Access allowed to module ""shop""",1,"Демонстрационный сайт 22.01.2024 12:04:02",http://furniture-shop/admin/shop/item/index.php?shop_id=1&shop_group_id=1,127.0.0.1
"2024-01-22 14:03:04",admin,"Access allowed to module ""update""",1,"Демонстрационный сайт 22.01.2024 12:04:02",http://furniture-shop/admin/update/index.php,127.0.0.1
"2024-01-22 14:03:04",admin,"Necessary constants have not been found. Please fill in the fields of form Websites &#8594; Settings &#8594; Registration data",0,"Демонстрационный сайт 22.01.2024 12:04:02",http://furniture-shop/admin/update/index.php,127.0.0.1
"2024-01-22 14:03:13",admin,"Access allowed to module ""admin_form""",1,"Демонстрационный сайт 22.01.2024 12:04:02",http://furniture-shop/admin/admin_form/index.php,127.0.0.1
"2024-01-22 14:03:17",admin,"Access allowed to module ""module""",1,"Демонстрационный сайт 22.01.2024 12:04:02",http://furniture-shop/admin/module/index.php,127.0.0.1
"2024-01-22 14:03:31",admin,"Access allowed to module ""tag""",1,"Демонстрационный сайт 22.01.2024 12:04:02",http://furniture-shop/admin/tag/index.php,127.0.0.1
"2024-01-22 14:03:40",admin,"Access allowed to module ""printlayout""",1,"Демонстрационный сайт 22.01.2024 12:04:02",http://furniture-shop/admin/printlayout/index.php,127.0.0.1
"2024-01-22 14:03:49",admin,"Access allowed to module ""xsl""",1,"Демонстрационный сайт 22.01.2024 12:04:02",http://furniture-shop/admin/xsl/index.php,127.0.0.1
"2024-01-22 14:04:59",admin,Logout,1,"Демонстрационный сайт 22.01.2024 12:04:02",http://furniture-shop/admin/logout.php?secret_csrf=1705914270b5d8365ce5b8c6dcebd60f7a0ef7198a3ea8822c25257a510adacb7972682524,127.0.0.1
"2024-01-22 14:05:37",admin,"User was logged on",4,-,http://furniture-shop/admin/index.php,127.0.0.1
"2024-01-22 14:05:37",admin,"Necessary constants have not been found. Please fill in the fields of form Websites &#8594; Settings &#8594; Registration data",0,"Демонстрационный сайт 22.01.2024 12:04:02",http://furniture-shop/admin/index.php,127.0.0.1
"2024-01-22 14:05:44",admin,"Access allowed to module ""calendar""",1,"Демонстрационный сайт 22.01.2024 12:04:02",http://furniture-shop/admin/calendar/index.php?loadEvents,127.0.0.1
"2024-01-22 14:07:51",admin,Logout,1,"Демонстрационный сайт 22.01.2024 12:04:02",http://furniture-shop/admin/logout.php?secret_csrf=17059215384bdb35b8de6a3058b83f9dcfd90638224e7cf75a6c651944885d7b8f38a526d4,127.0.0.1
